<?xml version="1.0" encoding="UTF-8"?>
<EntityDescriptor xmlns="urn:oasis:names:tc:SAML:2.0:metadata" xmlns:ds="http://www.w3.org/2000/09/xmldsig#" xmlns:shibmd="urn:mace:shibboleth:metadata:1.0" xmlns:xsi="http://www.w3.org/2001/XMLSchema-instance" entityID="$IDP_ENTITY_ID$">

    <IDPSSODescriptor protocolSupportEnumeration="urn:mace:shibboleth:1.0 urn:oasis:names:tc:SAML:1.1:protocol urn:oasis:names:tc:SAML:2.0:protocol">

        <Extensions>
            <shibmd:Scope regexp="false">$IDP_SCOPE$</shibmd:Scope>
        </Extensions>

        <KeyDescriptor>
            <ds:KeyInfo>
                <ds:X509Data>
                    <ds:X509Certificate>
$IDP_CERTIFICATE$
                    </ds:X509Certificate>
                </ds:X509Data>
            </ds:KeyInfo>
        </KeyDescriptor>
        
        <ArtifactResolutionService Binding="urn:oasis:names:tc:SAML:1.0:bindings:SOAP-binding" Location="https://$IDP_HOSTNAME$:8443/idp/profile/SAML1/SOAP/ArtifactResolution" index="1"/>

        <ArtifactResolutionService Binding="urn:oasis:names:tc:SAML:2.0:bindings:SOAP" Location="https://$IDP_HOSTNAME$:8443/idp/profile/SAML2/SOAP/ArtifactResolution" index="2"/>
        
        <SingleLogoutService Binding="urn:oasis:names:tc:SAML:2.0:bindings:HTTP-Redirect" Location="https://$IDP_HOSTNAME$/idp/profile/SAML2/Redirect/SLO" />
        
        <SingleLogoutService Binding="urn:oasis:names:tc:SAML:2.0:bindings:HTTP-POST" Location="https://$IDP_HOSTNAME$/idp/profile/SAML2/POST/SLO" />
        
        <SingleLogoutService Binding="urn:oasis:names:tc:SAML:2.0:bindings:SOAP" Location="https://$IDP_HOSTNAME$:8443/idp/profile/SAML2/SOAP/SLO" />
                                   
        <NameIDFormat>urn:mace:shibboleth:1.0:nameIdentifier</NameIDFormat>
        <NameIDFormat>urn:oasis:names:tc:SAML:2.0:nameid-format:transient</NameIDFormat>

        <SingleSignOnService Binding="urn:mace:shibboleth:1.0:profiles:AuthnRequest" Location="https://$IDP_HOSTNAME$/idp/profile/Shibboleth/SSO"/>
        
        <SingleSignOnService Binding="urn:oasis:names:tc:SAML:2.0:bindings:HTTP-POST" Location="https://$IDP_HOSTNAME$/idp/profile/SAML2/POST/SSO"/>

        <SingleSignOnService Binding="urn:oasis:names:tc:SAML:2.0:bindings:HTTP-POST-SimpleSign" Location="https://$IDP_HOSTNAME$/idp/profile/SAML2/POST-SimpleSign/SSO"/>
        
        <SingleSignOnService Binding="urn:oasis:names:tc:SAML:2.0:bindings:HTTP-Redirect" Location="https://$IDP_HOSTNAME$/idp/profile/SAML2/Redirect/SSO"/>
    </IDPSSODescriptor>

    <AttributeAuthorityDescriptor protocolSupportEnumeration="urn:oasis:names:tc:SAML:1.1:protocol urn:oasis:names:tc:SAML:2.0:protocol">

        <Extensions>
            <shibmd:Scope regexp="false">$IDP_SCOPE$</shibmd:Scope>
        </Extensions>

        <KeyDescriptor>
            <ds:KeyInfo>
                <ds:X509Data>
                    <ds:X509Certificate>
$IDP_CERTIFICATE$
                    </ds:X509Certificate>
                </ds:X509Data>
            </ds:KeyInfo>
        </KeyDescriptor>

        <AttributeService Binding="urn:oasis:names:tc:SAML:1.0:bindings:SOAP-binding" Location="https://$IDP_HOSTNAME$:8443/idp/profile/SAML1/SOAP/AttributeQuery"/>
        
        <AttributeService Binding="urn:oasis:names:tc:SAML:2.0:bindings:SOAP" Location="https://$IDP_HOSTNAME$:8443/idp/profile/SAML2/SOAP/AttributeQuery"/>
        
        <NameIDFormat>urn:mace:shibboleth:1.0:nameIdentifier</NameIDFormat>
        <NameIDFormat>urn:oasis:names:tc:SAML:2.0:nameid-format:transient</NameIDFormat>
        
    </AttributeAuthorityDescriptor>
    
</EntityDescriptor>
